<?xml version="1.0"?>
<!DOCTYPE hibernate-mapping PUBLIC "-//Hibernate/Hibernate Mapping DTD 3.0//EN"
"http://hibernate.sourceforge.net/hibernate-mapping-3.0.dtd">
<!-- Generated Nov 24, 2012 12:30:22 PM by Hibernate Tools 3.4.0.CR1 -->
<hibernate-mapping>
	<class name="pack.BankAccount" table="BANK1">
		<id name="id" column="ID">
			<generator class="increment"/>
		</id>
		<property name="owner" column="OWNER"/>
		<property name="acno" column="ACNO"/>
		<property name="bname" column="BNAME"/>
	</class>
</hibernate-mapping>
