<?xml version="1.0"?>
<!DOCTYPE hibernate-mapping PUBLIC "-//Hibernate/Hibernate Mapping DTD 3.0//EN"
"http://hibernate.sourceforge.net/hibernate-mapping-3.0.dtd">
<!-- Generated Dec 2, 2012 3:46:39 PM by Hibernate Tools 3.4.0.CR1 -->
<hibernate-mapping>
    <class name="emp.Department" table="DEPARTMENT">
        <id name="dno" type="int">
            <column name="DNO" />
            <generator class="increment" />
        </id>
        <property name="dname" type="java.lang.String">
            <column name="DNAME"   />
        </property>
    </class>
</hibernate-mapping>
