<?xml version="1.0"?>
<!DOCTYPE hibernate-mapping PUBLIC "-//Hibernate/Hibernate Mapping DTD 3.0//EN"
"http://hibernate.sourceforge.net/hibernate-mapping-3.0.dtd">
<!-- Generated Nov 24, 2012 11:46:29 AM by Hibernate Tools 3.4.0.CR1 -->
<hibernate-mapping>
    <class name="pack.User" table="USER_INFO">
        <id name="uid" type="int">
            <column name="ID" />
            <generator class="increment" />
        </id>
        <property name="fname" type="java.lang.String">
            <column name="FNAME" />
        </property>
        <property name="lname" type="java.lang.String">
            <column name="LNAME" />
        </property>
		<component name="home" class="pack.Address">
			<property name="street" column="H_STREET"/>
			<property name="city" column="H_CITY"/>
			<property name="state" column="H_STATE"/>
		</component>
		<component name="office" class="pack.Address">
			<property name="street" column="O_STREET"/>
			<property name="city" column="O_CITY"/>
			<property name="state" column="O_STATE"/>
		</component>
    </class>
</hibernate-mapping>
