<?xml version="1.0"?>
<!DOCTYPE hibernate-mapping PUBLIC "-//Hibernate/Hibernate Mapping DTD 3.0//EN"
"http://hibernate.sourceforge.net/hibernate-mapping-3.0.dtd">
<!-- Generated Nov 29, 2012 9:27:57 PM by Hibernate Tools 3.4.0.CR1 -->
<hibernate-mapping>
    <class name="pack.Address" table="ADDRESS">
        <id name="id" type="int">
            <column name="ID" />
            <generator class="increment" />
        </id>
        <property name="street" type="java.lang.String">
            <column name="STREET" />
        </property>
        <property name="city" type="java.lang.String">
            <column name="CITY" />
        </property>
        <property name="state" type="java.lang.String">
            <column name="STATE" />
        </property>
    </class>
</hibernate-mapping>
