<?xml version="1.0"?>
<!DOCTYPE hibernate-mapping PUBLIC "-//Hibernate/Hibernate Mapping DTD 3.0//EN"
"http://hibernate.sourceforge.net/hibernate-mapping-3.0.dtd">
<!-- Generated Nov 29, 2012 9:27:57 PM by Hibernate Tools 3.4.0.CR1 -->
<hibernate-mapping>
    <class name="pack.User" table="USER_DETAILS1">
        <id name="id" type="int">
            <column name="ID" />
            <generator class="increment" />
        </id>
        <property name="fname" type="java.lang.String">
            <column name="FNAME" />
        </property>
        <property name="lname" type="java.lang.String">
            <column name="LNAME" />
        </property>
        <many-to-one name="address" class="pack.Address" cascade="save-update" unique="true">
            <column name="ADDRESS_ID" />
        </many-to-one>
    </class>
</hibernate-mapping>
