<?xml version="1.0"?>
<!DOCTYPE hibernate-mapping PUBLIC "-//Hibernate/Hibernate Mapping DTD 3.0//EN"
"http://hibernate.sourceforge.net/hibernate-mapping-3.0.dtd">
<!-- Generated Nov 29, 2012 9:57:08 PM by Hibernate Tools 3.4.0.CR1 -->
<hibernate-mapping>
    <class name="emp.Dept" table="DEPT">
        <id name="deptid" type="int">
            <column name="DEPT_ID" />
            <generator class="increment" />
        </id>
        <property name="dname" type="java.lang.String">
            <column name="DNAME" />
        </property>
        <bag name="employes" table="EMPLOYEE" inverse="true">
            <key>
                <column name="DEPT_ID" />
            </key>
            <one-to-many class="emp.Employee" />
        </bag>
    </class>
</hibernate-mapping>
