<?xml version="1.0"?>
<!DOCTYPE hibernate-mapping PUBLIC "-//Hibernate/Hibernate Mapping DTD 3.0//EN"
"http://hibernate.sourceforge.net/hibernate-mapping-3.0.dtd">
<!-- Generated Nov 29, 2012 9:57:08 PM by Hibernate Tools 3.4.0.CR1 -->
<hibernate-mapping>
    <class name="emp.Employee" table="EMPLOYEE">
        <id name="eno" type="int">
            <column name="ENO" />
            <generator class="increment" />
        </id>
        <property name="name" type="java.lang.String">
            <column name="NAME" />
        </property>
        <many-to-one class="emp.Dept" name="dept" cascade="save-update" column="DEPT_ID" not-null="true"/>
    </class>
</hibernate-mapping>
