<?xml version="1.0"?>
<!DOCTYPE hibernate-mapping PUBLIC "-//Hibernate/Hibernate Mapping DTD 3.0//EN"
"http://hibernate.sourceforge.net/hibernate-mapping-3.0.dtd">
<!-- Generated Nov 22, 2012 6:50:38 PM by Hibernate Tools 3.4.0.CR1 -->
<hibernate-mapping>
    <class name="emp.Employee" table="EMPLOYEE">
        <id name="eno" type="int">
            <column name="ENO" />
            <generator class="assigned" />
        </id>
        <property name="ename" type="java.lang.String">
            <column name="ENAME" />
        </property>
        <property name="esal" type="int">
            <column name="ESAL" />
        </property>
    </class>
</hibernate-mapping>
