<?xml version="1.0"?>
<!DOCTYPE hibernate-mapping PUBLIC "-//Hibernate/Hibernate Mapping DTD 3.0//EN"
"http://hibernate.sourceforge.net/hibernate-mapping-3.0.dtd">
<!-- Generated Nov 27, 2012 9:34:43 AM by Hibernate Tools 3.4.0.CR1 -->
<hibernate-mapping>
    <class name="pack.BillingDetails" table="BILLINGDETAILS">
        <id name="id" type="int">
            <column name="ID" />
            <generator class="increment" />
        </id>
        <discriminator column="B_TYPE" type="string"/>
        <property name="owner" type="java.lang.String">
            <column name="OWNER" />
        </property>
        <subclass name="pack.CreditCard" discriminator-value="cc">
        	<property name="cno" column="C_NO" />
        	<property name="expdate" column="EXPDATE" />
        </subclass>
        <subclass name="pack.BankAccount" discriminator-value="ba">
        	<property name="acno" column="A_NO" />
        	<property name="bname" column="BNAME" />
        </subclass>
    </class>
</hibernate-mapping>
