<?xml version="1.0"?>
<!DOCTYPE hibernate-mapping PUBLIC "-//Hibernate/Hibernate Mapping DTD 3.0//EN"
"http://hibernate.sourceforge.net/hibernate-mapping-3.0.dtd">
<!-- Generated Nov 24, 2012 12:52:28 PM by Hibernate Tools 3.4.0.CR1 -->
<hibernate-mapping>
    <class name="pack.BillingDetails" abstract="true">
        <id name="id" type="int">
            <column name="ID" />
            <generator class="increment" />
        </id>
        <property name="owner" type="java.lang.String">
            <column name="OWNER" />
        </property>
        <union-subclass name="pack.CreditCard" table="CARD1">
        	<property name="cno" column="CNO"/>
        	<property name="expdate" column="EXPDATE"/>
        </union-subclass>
        <union-subclass name="pack.BankAccount" table="BANK1">
        	<property name="acno" column="ACNO"/>
        	<property name="bname" column="BNAME"/>
        </union-subclass>
    </class>
</hibernate-mapping>
