<?xml version="1.0"?>
<!DOCTYPE hibernate-mapping PUBLIC "-//Hibernate/Hibernate Mapping DTD 3.0//EN"
"http://hibernate.sourceforge.net/hibernate-mapping-3.0.dtd">
<!-- Generated Nov 27, 2012 9:34:43 AM by Hibernate Tools 3.4.0.CR1 -->
<hibernate-mapping>
    <class name="pack.BillingDetails" table="BILLING_DETAILS">
        <id name="id" type="int">
            <column name="ID" />
            <generator class="increment" />
        </id>
        <property name="owner" type="java.lang.String">
            <column name="OWNER" />
        </property>
        <joined-subclass name="pack.CreditCard" table="CREDITCARD">
        	<key column="C_ID"/>
        	<property name="cno" column="C_NO" />
        	<property name="expdate" column="EXPDATE" />
        </joined-subclass>
        <joined-subclass name="pack.BankAccount" table="BANKACCOUNT">
        	<key column="B_ID"/>
        	<property name="acno" column="A_NO" />
        	<property name="bname" column="BNAME" />
        </joined-subclass>
    </class>
</hibernate-mapping>
