<?xml version="1.0"?>
<!DOCTYPE hibernate-mapping PUBLIC "-//Hibernate/Hibernate Mapping DTD 3.0//EN"
"http://hibernate.sourceforge.net/hibernate-mapping-3.0.dtd">
<!-- Generated Nov 29, 2012 11:30:28 PM by Hibernate Tools 3.4.0.CR1 -->
<hibernate-mapping>
    <class name="stud.Course" table="COURSE">
        <id name="cid" type="int">
            <column name="CID" />
            <generator class="increment" />
        </id>
        <property name="name" type="java.lang.String">
            <column name="NAME" />
        </property>
        <bag name="students" table="STUDENT_COURSE">
            <key>
                <column name="C_ID" />
            </key>
            <many-to-many class="stud.Student"  column="S_ID"/>
        </bag>
    </class>
</hibernate-mapping>
