<?xml version="1.0"?>
<!DOCTYPE hibernate-mapping PUBLIC "-//Hibernate/Hibernate Mapping DTD 3.0//EN"
"http://hibernate.sourceforge.net/hibernate-mapping-3.0.dtd">
<!-- Generated Nov 29, 2012 11:30:28 PM by Hibernate Tools 3.4.0.CR1 -->
<hibernate-mapping>
    <class name="stud.Student" table="STUDENT">
        <id name="studid" type="int">
            <column name="S_ID" />
            <generator class="increment" />
        </id>
        <property name="name" type="java.lang.String">
            <column name="NAME" />
        </property>
        <bag name="courses" table="STUDENT_COURSE" cascade="save-update">
            <key>
                <column name="S_ID" />
            </key>
            <many-to-many class="stud.Course" column="C_ID"/>
        </bag>
    </class>
</hibernate-mapping>
