<?xml version="1.0"?>
<!DOCTYPE hibernate-mapping PUBLIC "-//Hibernate/Hibernate Mapping DTD 3.0//EN"
"http://hibernate.sourceforge.net/hibernate-mapping-3.0.dtd">
<!-- Generated Nov 28, 2012 1:06:22 PM by Hibernate Tools 3.4.0.CR1 -->
<hibernate-mapping>
    <class name="pack.Item" table="ITEM">
        <id name="itemid" type="int">
            <column name="ITEM_ID" />
            <generator class="increment" />
        </id>
        <property name="name" type="java.lang.String">
            <column name="NAME" />
        </property>
        <map name="images" table="ITEM_IMAGES" order-by="FILENAME asc">
            <key>
                <column name="ITEM_ID" />
            </key>
            <map-key column="IMAGE_NAME" type="java.lang.String"/>
            <element type="java.lang.String">
                <column name="FILENAME" />
            </element>
        </map>
    </class>
</hibernate-mapping>
